{
    "number": {
        "province": {
            "11": "caobang | Cao Bằng",
            "12": "langson | Lạng Sơn",
            "13": "bacgiang | Bắc Giang",
            "14": "quangninh | Quảng Ninh",
            "15": "haiphong | Hải Phòng",
            "16": "haiphong | Hải Phòng",
            "17": "thaibinh | Thái Bình",
            "18": "namdinh | Nam Định",
            "19": "phutho | Phú Thọ",
            "20": "thainguyen | Thái Nguyên",
            "21": "yenbai | Yên Bái",
            "22": "tuyenquang | Tuyên Quang",
            "23": "hagiang | Hà Giang",
            "24": "laocai | Lào Cai",
            "25": "laichau | Lai Châu",
            "26": "sonla | Sơn La",
            "27": "dienbien | Điện Biên",
            "28": "hoabinh | Hòa Bình",
            "29": "hanoi | Hà Nội",
            "30": "hanoi | Hà Nội",
            "31": "hanoi | Hà Nội",
            "32": "hanoi | Hà Nội",
            "33": "hanoi | Hà Nội",
            "40": "hanoi | Hà Nội",
            "34": "haiduong | Hải Dương",
            "35": "ninhbinh | Ninh Bình",
            "36": "thanhhoa | Thanh Hóa",
            "37": "nghean | Nghệ An",
            "38": "hatinh | Hà Tĩnh",
            "43": "danang | Đà Nẵng",
            "47": "daklak | Đắk Lắk",
            "48": "daknong | Đắk Nông",
            "49": "lamdong | Lâm Đồng",
            "41": "hochiminh | Hồ Chí Minh",
            "50": "hochiminh | Hồ Chí Minh",
            "51": "hochiminh | Hồ Chí Minh",
            "52": "hochiminh | Hồ Chí Minh",
            "53": "hochiminh | Hồ Chí Minh",
            "54": "hochiminh | Hồ Chí Minh",
            "55": "hochiminh | Hồ Chí Minh",
            "56": "hochiminh | Hồ Chí Minh",
            "57": "hochiminh | Hồ Chí Minh",
            "58": "hochiminh | Hồ Chí Minh",
            "59": "hochiminh | Hồ Chí Minh",
            "39": "dongnai | Đồng Nai",
            "60": "dongnai | Đồng Nai",
            "61": "binhduong | Bình Dương",
            "62": "longan | Long An",
            "63": "tiengiang | Tiền Giang",
            "64": "vinhlong | Vĩnh Long",
            "65": "cantho | Cần Thơ",
            "66": "dongthap | Đồng Tháp",
            "67": "angiang | An Giang",
            "68": "kiengiang | Kiên Giang",
            "69": "camau | Cà Mau",
            "70": "tayninh | Tây Ninh",
            "71": "bentre | Bến Tre",
            "72": "bariavungtau | Bà Rịa - Vũng Tàu",
            "73": "quangbinh | Quảng Bình",
            "74": "quangtri | Quảng Trị",
            "75": "thuathienhue | Thừa Thiên Huế",
            "76": "quangngai | Quảng Ngãi",
            "77": "binhdinh | Bình Định",
            "78": "phuyen | Phú Yên",
            "79": "khanhhoa | Khánh Hòa",
            "80": "trunguong | Cơ Quan Trung Ương",
            "81": "gialai | Gia Lai",
            "82": "kontum | Kon Tum",
            "83": "soctrang | Sóc Trăng",
            "84": "travinh | Trà Vinh",
            "85": "ninhthuan | Ninh Thuận",
            "86": "binhthuan | Bình Thuận",
            "88": "vinhphuc | Vĩnh Phúc",
            "89": "hungyen | Hưng Yên",
            "90": "hanam | Hà Nam",
            "92": "quangnam | Quảng Nam",
            "93": "binhphuoc | Bình Phước",
            "94": "baclieu | Bạc Liêu",
            "95": "haugiang | Hậu Giang",
            "97": "baccan | Bắc Cạn",
            "98": "bacgiang | Bắc Giang",
            "99": "bacninh | Bắc Ninh"
        },
        "embassy": {
            "001-005": "Áo",
            "006-010": "Albania",
            "011-015": "Vương quốc Liên hiệp Anh và Bắc Ireland",
            "016-020": "Ai Cập",
            "021-025": "Azerbaijan",
            "026-030": "Ấn Độ",
            "031-035": "Angola",
            "036-040": "Afghanistan",
            "041-045": "Algérie",
            "046-050": "Argentina",
            "051-055": "Armenia",
            "056-060": "Iceland",
            "061-065": "Bỉ",
            "066-070": "Ba Lan",
            "071-075": "Bồ Đào Nha",
            "076-080": "Bulgaria",
            "081-085": "Burkina Faso",
            "086-090": "Brasil",
            "091-095": "Bangladesh",
            "096-100": "Belarus",
            "101-105": "Bolivia",
            "106-110": "Bénin",
            "111-115": "Brunei",
            "116-120": "Burundi",
            "121-125": "Cuba",
            "126-130": "Côte d'Ivoire",
            "131-135": "Cộng hòa Congo",
            "136-140": "Cộng hòa Dân chủ Congo",
            "141-145": "Chile",
            "146-150": "Colombia",
            "151-155": "Cameroon",
            "156-160": "Canada",
            "161-165": "Kuwait",
            "166-170": "Campuchia",
            "171-175": "Kyrgyzstan",
            "176-180": "Qatar",
            "181-185": "Cabo Verde",
            "186-190": "Costa Rica",
            "191-195": "Đức",
            "196-200": "Zambia",
            "201-205": "Zimbabwe",
            "206-210": "Đan Mạch",
            "211-215": "Ecuador",
            "216-220": "Eritrea",
            "221-225": "Ethiopia",
            "226-230": "Estonia",
            "231-235": "Guyana",
            "236-240": "Gabon",
            "241-245": "Gambia",
            "246-250": "Djibouti",
            "251-255": "Gruzia",
            "256-260": "Jordan",
            "261-265": "Guinée",
            "266-270": "Ghana",
            "271-275": "Guiné-Bissau",
            "276-280": "Grenada",
            "281-285": "Guinea Xích Đạo",
            "286-290": "Guatemala",
            "291-295": "Hungary",
            "296-300": "Hoa Kỳ",
            "771-775": "Hoa Kỳ",
            "301-305": "Hà Lan",
            "306-310": "Hy Lạp",
            "311-315": "Jamaica",
            "316-320": "Indonesia",
            "321-325": "Iran",
            "326-330": "Iraq",
            "331-335": "Ý",
            "336-340": "Israel",
            "341-345": "Kazakhstan",
            "346-350": "Lào",
            "351-355": "Liban",
            "356-360": "Libya",
            "361-365": "Luxembourg",
            "366-370": "Litva",
            "371-375": "Latvia",
            "376-380": "Myanmar",
            "381-385": "Mông Cổ",
            "386-390": "Mozambique",
            "391-395": "Madagascar",
            "396-400": "Moldova",
            "401-405": "Maldives",
            "406-410": "México",
            "411-415": "Mali",
            "416-420": "Malaysia",
            "421-425": "Maroc",
            "426-430": "Mauritanie",
            "431-435": "Malta",
            "436-440": "Quần đảo Marshall",
            "441-445": "Nga",
            "446-450": "Nhật Bản",
            "776-780": "Nhật Bản",
            "451-455": "Nicaragua",
            "456-460": "New Zealand",
            "461-465": "Niger",
            "466-470": "Nigeria",
            "471-475": "Namibia",
            "476-480": "Nepal",
            "481-485": "Nam Phi",
            "486-490": "Serbia",
            "491-495": "Na Uy",
            "496-500": "Oman",
            "501-505": "Úc/Australia",
            "506-510": "Pháp",
            "511-515": "Fiji",
            "516-520": "Pakistan",
            "521-525": "Phần Lan",
            "526-530": "Philippines",
            "531-535": "Palestine",
            "536-540": "Panama",
            "541-545": "Papua New Guinea",
            "546-550": "Tổ chức quốc tế",
            "551-555": "Rwanda",
            "556-560": "România",
            "561-565": "Tchad",
            "566-570": "Cộng hòa Séc",
            "571-575": "Cộng hòa Síp",
            "576-580": "Tây Ban Nha",
            "581-585": "Thụy Điển",
            "586-590": "Tanzania",
            "591-595": "Togo",
            "596-600": "Tajikistan",
            "601-605": "Trung Quốc",
            "606-610": "Thái Lan",
            "611-615": "Turkmenistan",
            "616-620": "Tunisia",
            "621-625": "Thổ Nhĩ Kỳ",
            "626-630": "Thụy Sĩ",
            "631-635": "CHDCND Triều Tiên",
            "636-640": "Hàn Quốc",
            "641-645": "Các Tiểu vương quốc Ả Rập Thống nhất",
            "646-650": "Samoa",
            "651-655": "Ukraina",
            "656-660": "Uzbekistan",
            "661-665": "Uganda",
            "666-670": "Uruguay",
            "671-675": "Vanuatu",
            "676-680": "Venezuela",
            "681-685": "Sudan",
            "686-690": "Sierra Leone",
            "691-695": "Singapore",
            "696-700": "Sri Lanka",
            "701-705": "Somalia",
            "706-710": "Sénégal",
            "711-715": "Syria",
            "716-720": "Cộng hòa Dân chủ Ả Rập Xarauy",
            "721-725": "Seychelles",
            "726-730": "São Tomé và Príncipe",
            "731-735": "Slovakia",
            "736-740": "Yemen",
            "741-745": "Liechtenstein",
            "746-750": "Hồng Kông",
            "885-890": "Đài Loan",
            "751-755": "Đông Timor",
            "756-760": "Phái đoàn Ủy ban châu Âu (EU)",
            "761-765": "Ả Rập Xê Út",
            "766-770": "Liberia",
            "781-785": "Haiti"
        }
    },
    "symbol": {
        "army": {
            "AA": "Quân Đoàn 1 - Binh Đoàn Quyết Thắng",
            "AB": "Quân Đoàn 2 - Binh Đoàn Hương Giang",
            "AC": "Quân Đoàn 3 - Binh Đoàn Tây Nguyên",
            "AD": "Quân Đoàn 4 - Binh Đoàn Cửu Long",
            "AV": "Binh Đoàn 11 - Tổng Công Ty Xây dựng Thành An",
            "AT": "Binh Đoàn 12 - Tổng Công Ty Xây dựng Trường Sơn",
            "AN": "Binh Đoàn 15",
            "AX": "Binh Đoàn 16",
            "AP": "Lữ Đoàn 144",
            "BB": "Bộ Binh - Binh Chủng Tăng Thiết Giáp",
            "BC": "Binh Chủng Công Binh",
            "BH": "Binh Chủng Hóa Học",
            "BK": "Binh Chủng Đặc Công",
            "BL": "Bộ Tư Lệnh Bảo Vệ Lăng Chủ Tịch Hồ Chí Minh",
            "BT": "Bộ Tư Lệnh Thông Tin Liên Lạc",
            "BP": "Bộ Tư Lệnh Pháo Binh",
            "BS": "Bộ Tư Lệnh Cảnh Sát Biển VN",
            "BV": "Tổng Công Ty Dịch Vụ Bay",
            "HA": "Học Viện Quốc Phòng",
            "HB": "Học Viện Lục Quân",
            "HC": "Học Viện Chính Trị",
            "HD": "Học Viện Kỹ Thuật Quân Sự",
            "HE": "Học Viện Hậu Cần",
            "HT": "Trường Sĩ Quan Lục Quân 1",
            "HQ": "Trường Sĩ Quan Lục Quân 2",
            "HN": "Học Viện Chính Trị Quân Sự Bắc Ninh",
            "HH": "Học Viện Quân Y",
            "KA": "Quân Khu 1",
            "KB": "Quân Khu 2",
            "KC": "Quân Khu 3",
            "KD": "Quân Khu 4",
            "KV": "Quân Khu 5",
            "KP": "Quân Khu 7",
            "KK": "Quân Khu 9",
            "KT": "Bộ Tư Lệnh Thủ Đô Hà Nội",
            "KN": "Đặc Khu Quảng Ninh",
            "PA": "Cục Đối Ngoại Bộ Quốc Phòng",
            "PP": "Bệnh Viện 108 - Bộ Quốc Phòng",
            "PM": "Viện Thiết kế - Bộ Quốc Phòng",
            "PK": "Ban Cơ Yếu - Bộ Quốc Phòng",
            "PT": "Cục Tài Chính - Bộ Quốc Phòng",
            "PY": "Cục Quân Y - Bộ Quốc Phòng",
            "PQ": "Trung Tâm Khoa Học Và Kỹ Thuật Quân Sự (Viện Kỹ Thuật Quân Sự)",
            "PX": "Trung Tâm Nhiệt Đới Việt - Nga",
            "PC": "Tổng Cục II - Tổng Cục tình Báo",
            "HL": "Tổng Cục II - Tổng Cục tình Báo",
            "TN": "Tổng Cục II - Tổng Cục tình Báo",
            "QA": "Quân Chủng Phòng Không Không Quân",
            "QB": "Bộ Tư Lệnh Bộ Đội Biên Phòng",
            "QH": "Quân Chủng Hải Quân",
            "TC": "Tổng Cục Chính Trị",
            "TH": "Tổng Cục Hậu Cần",
            "TK": "Tổng Cục Công Nghiệp quốc Phòng",
            "TT": "Tổng Cục Kỹ Thuật",
            "TM": "Bộ Tổng Tham Mưu",
            "DB": "Tổng Công Ty Đông Bắc - BQP",
            "ND": "Tổng Công Ty Đầu Tư Phát Triển Nhà - BQP",
            "CH": "Bộ phận Chính Trị Của Khối văn Phòng - BQP",
            "VB": "Khối Văn Phòng Binh Chủng - BQP",
            "VK": "Ủy Ban Tìm Kiếm Cứu Nạn - BQP",
            "CV": "Tổng Công Ty Xây Dựng Lũng Lô - BQP",
            "CA": "Tổng Công Ty 36 - BQP",
            "CP": "Tổng Công Ty 319 - Bộ Quốc Phòng",
            "CM": "Tổng Công Ty Thái Sơn - BQP",
            "CC": "Tổng Công Ty Xăng Dầu Quân Đội",
            "VT": "Tập Đoàn Viễn Thông Quân Đội - Viettel",
            "CB": "Ngân Hàng Thương Mại Cổ Phần Quân Đội"
        },
        "others": {
            "NG": "Cơ Quan Ngoại Giao",
            "QT": "Tổ Chức Quốc Tế",
            "CV": "Công Vụ Ngoại Giao",
            "NN": "Người Nước Ngoài",
            "LD": "Doanh Nghiệp Có Vốn Nước Ngoài",
            "DA": "BQL Dự Án Do Nước Ngoài Đầu Tư",
            "R": "Rơ-moóc, Sơ-mi - Rơ-moóc",
            "T": "Xe Đăng Ký Tạm Thời",
            "MK": "Máy Kéo",
            "MĐ": "Xe Máy Điện",
            "TĐ": "Xe Cơ Giới Triển Khai Thí Điểm",
            "HC": "Xe Ô Tô Phạm Vi Hoạt Động Hạn Chế"
        },
        "angiang": {
            "B1/B2": "Thành phố Long Xuyên",
            "E1": "Thành phố Châu Đốc",
            "H1": "Thị xã Tân Châu",
            "C1": "Huyện Châu Thành",
            "D1/D2": "Huyện Châu Phú",
            "F1": "Huyện Tịnh Biên",
            "G1": "Huyện An Phú",
            "K1/K2": "Huyện Phú Tân",
            "L1/L2": "Huyện Chợ Mới",
            "M1": "Huyện Thoại Sơn",
            "N1": "Huyện Tri Tôn"
        },
        "baccan": {
            "B1/B2": "Thành phố Bắc Kạn",
            "C1": "Huyện Ba Bể",
            "D1": "Huyện Bạch Thông",
            "E1": "Huyện Chợ Đồn",
            "F1": "Huyện Chợ Mới",
            "G1": "Huyện Na Rì",
            "H1": "Huyện Pắc Nặm",
            "K1": "Huyện Ngân Sơn"
        },
        "bacgiang": {
            "B1/B2/B3": "Thành phố Bắc Giang",
            "C1": "Huyện Yên Thế",
            "D1": "Huyện Hiệp Hòa",
            "E1": "Huyện Lục Ngạn",
            "F1": "Huyện Lục Nam",
            "G1": "Huyện Yên Dũng",
            "H1": "Huyện Tân Yên",
            "K1": "Huyện Việt Yên",
            "L1": "Huyện Sơn Động",
            "M1": "Huyện Lạng Giang",
            "AA": "Thành phố Bắc Giang",
            "AB": "Huyện Lục Ngạn",
            "AC": "Huyện Hiệp Hoà",
            "AD": "Huyện Sơn Động",
            "AE": "Huyện Lục Nam",
            "AF": "Huyện Lạng Giang",
            "AG": "Huyện Yên Dũng",
            "AH": "Huyện Việt Yên",
            "AK": "Huyện Tân Yên",
            "AL": "Huyện Yên Thế"
        },
        "baclieu": {
            "AH": "Huyện Phước Long",
            "K1/K2": "Thành phố Bạc Liêu",
            "D1/D2": "Thị xã Giá Rai",
            "B1/B2": "Huyện Đông Hải",
            "C1/K1/K2": "Huyện Vĩnh Lợi",
            "E1": "Huyện Phước Long",
            "F1": "Huyện Hồng Dân",
            "G1/K1/K2": "Huyện Hòa Bình"
        },
        "bacninh": {
            "G1": "Thành phố Bắc Ninh",
            "B1": "Thành phố Từ Sơn",
            "C1": "Huyện Tiên Du",
            "D1": "Huyện Yên Phong",
            "E1": "Huyện Quế Võ",
            "F1": "Thị xã Thuận Thành",
            "H1": "Huyên Gia Bình",
            "K1": "Huyện Lương Tài"
        },
        "bariavungtau": {
            "C1/C2": "Thành phố Vũng Tàu",
            "D1": "Thành phố Bà Rịa",
            "E1": "Thị xã Phú Mỹ",
            "F1": "Huyện Châu Đức",
            "G1": "Huyện Xuyên Mộc",
            "H1": "Huyện Đất Đỏ",
            "K1": "Huyện Long Điền",
            "L1": "Huyện đảo Côn Đảo"
        },
        "bentre": {
            "B1/B2/B3/B4": "Thành phố Bến Tre, Huyện Châu Thành, Huyện Giồng Trôm, Huyện Mỏ Cày Bắc, Huyện Mỏ Cày Nam",
            "C1": "Huyện Bình Đại",
            "C2": "Huyện Ba Tri",
            "C3": "Huyện Thạnh Phú",
            "C4": "Huyện Chợ Lách",
            "AA": "TP Bến Tre, Huyện Châu Thành, Huyện Giồng Trôm, Huyện Mỏ Cày Bắc, Huyện Mỏ Cày Nam",
            "AB": "Huyện Bình Đại",
            "AC": "Huyện Ba Tri",
            "AD": "Huyện Thạnh Phú",
            "AE": "Huyện Chợ Lách"
        },
        "binhdinh": {
            "L1/L2": "Thành phố Quy Nhơn",
            "F1": "Thị xã An Nhơn",
            "C1": "Thị xã Hoài Nhơn",
            "B1": "Huyện Vân Canh",
            "D1": "Huyện Phù Mỹ",
            "E1": "Huyện Phù Cát",
            "G1": "Huyện Tuy Phước",
            "H1": "Huyện Tây Sơn",
            "K1": "Huyện Hoài Ân",
            "M1": "Huyện An Lão",
            "N1": "Huyện Vĩnh Thạnh",
            "AL": "Thành phố Quy Nhơn",
            "AE": "Thị xã An Nhơn",
            "AB": "Thị xã Hoài Nhơn",
            "AK": "Huyện Hoài Ân",
            "AM": "Huyện An Lão",
            "AC": "Huyện Phù Mỹ",
            "AD": "Huyện Phù Cát",
            "AF": "Huyện Tuy Phước",
            "AH": "Huyện Tây Sơn",
            "AN": "Huyện Vĩnh Thạnh",
            "AA": "Huyện Vân Canh"
        },
        "binhduong": {
            "B1/B2": "Thành phố Thủ Dầu Một",
            "C1/C2": "Thành phố Thuận An",
            "D1/D2": "Thành phố Dĩ An",
            "E1": "Thị xã Tân Uyên",
            "G1": "Thị xã Bến Cát",
            "F1": "Huyện Phú Giáo",
            "H1/V1": "Huyện Dầu Tiếng",
            "K1": "Huyện Bàu Bàng",
            "N1": "Huyện Bắc Tân Uyên"
        },
        "binhphuoc": {
            "P1/P2": "Thành phố Đồng Xoài",
            "E1": "Thị xã Bình Long",
            "K1": "Thị xã Phước Long",
            "B1": "Huyện Chơn Thành",
            "C1": "Huyện Hớn Quản",
            "D1": "Huyện Phú Riềng",
            "F1": "Huyện Lộc Ninh",
            "G1": "Huyện Bù Đốp",
            "H1": "Huyện Bù Gia Mập",
            "L1": "Huyện Bù Đăng",
            "M1": "Huyện Đồng Phú"
        },
        "binhthuan": {
            "C1/C2": "Thành phố Phan Thiết",
            "B6": "Thị xã La Gi",
            "B1": "Huyện Tuy Phong",
            "B2": "Huyện Bắc Bình",
            "B3": "Huyện Hàm Thuận Bắc",
            "B4": "Huyện Hàm Thuận Nam",
            "B5": "Huyện Hàm Tân",
            "B7": "Huyện Tánh Linh",
            "B8": "Huyện Đức Linh",
            "B9": "Huyện đảo Phú Quý"
        },
        "camau": {
            "B1/C1": "Thành phố Cà Mau",
            "D1": "Huyện Thới Bình",
            "E1": "Huyện Cái Nước",
            "F1": "Huyện Đầm Dơi",
            "H1": "Huyện U Minh",
            "K1": "Huyện Phú Tân",
            "L1": "Huyện Ngọc Hiển",
            "M1": "Huyện Năm Căn",
            "N1": "Huyện Trần Văn Thời",
            "AK": "Huyện Ngọc Hiển",
            "AL": "Huyện Năm Căn",
            "FA": "Huyện U Minh",
            "AD": "Huyện Cái Nước"
        },
        "cantho": {
            "B1/B2": "Quận Ninh Kiều, Quận Cái Răng",
            "C1": "Quận Cái Răng",
            "D1": "Quận Bình Thủy",
            "E1": "Quận Ô Môn",
            "F1": "Quận Thốt Nốt",
            "G1": "Huyện Phong Điền",
            "H1": "Huyện Thới Lai",
            "K1": "Huyện Cờ Đỏ",
            "L1": "Huyện Vĩnh Thạnh",
            "AA": "Q.Ninh Kiều",
            "BA": "Q.Cái Răng",
            "CA": "Q.Bình Thủy",
            "DA": "Q.Ô Môn",
            "EA": "Q.Thốt Nốt",
            "FA": "H.Phong Điền",
            "GA": "H.Thới Lai",
            "HA": "H.Cờ Đỏ",
            "KA": "H.Vĩnh Thạnh"
        },
        "caobang": {
            "B1/X1": "Thành phố Cao Bằng",
            "H1": "Huyện Hòa An",
            "K1/Y1": "Huyện Trùng Khánh",
            "L1": "Huyện Bảo Lâm",
            "M1": "Huyện Bảo Lạc",
            "N1": "Huyện Nguyên Bình",
            "Z1": "Huyện Hạ Lang",
            "S1": "Huyện Hà Quảng",
            "P1/U1/T1": "Huyện Quảng Hòa",
            "V1": "Huyện Thạch An"
        },
        "daklak": {
            "B1/B2": "Thành phố Buôn Ma Thuột",
            "C1": "Thị xã Buôn Hồ",
            "D1": "Huyện Ea H'leo",
            "E1": "Huyện Krông Năng",
            "F1": "Huyện EaKar",
            "G1": "Huyện M'Drăk",
            "H1": "Huyện Cư M'gar",
            "K1": "Huyện Krông Bông",
            "L1": "Huyện Krông Ana",
            "M1": "Huyện Krông Pắc",
            "N1": "Huyện Lăk",
            "P1": "Huyện Ea Sup",
            "S1": "Huyện Buôn Đôn",
            "T1": "Huyện Cư Kuin",
            "U1": "Huyện Krông Búk",
            "AB": "Thành phố Buôn Ma Thuột, Thị xã Buôn Hồ, Huyện Ea H'leo, Huyện Krông Năng, Huyện EaKar, Huyện M'Drăk, Huyện Cư M'gar, Huyện Krông Bông, Huyện Krông Ana, Huyện Krông Pắc, Huyện Lăk, Huyện Ea Sup, Huyện Buôn Đôn, Huyện Cư Kuin, Huyện Krông Bú"
        },
        "daknong": {
            "B1": "Thành phố Gia Nghĩa",
            "C1": "Huyện Krông Nô",
            "D1": "Huyện Cư Jút",
            "E1": "Huyện Đắk Mil",
            "F1": "Huyện Đắk Song",
            "G1": "Huyện Đắk Glong",
            "H1": "Huyện Đắk R'Lấp",
            "K1": "Huyện Tuy Đức"
        },
        "danang": {
            "B1/C1/C2": "Quận Hải Châu",
            "D1": "Quận Thanh Khê",
            "E1": "Quận Sơn Trà",
            "F1": "Quận Liên Chiểu",
            "G1": "Quận Cẩm Lệ",
            "H1": "Quận Ngũ Hành Sơn",
            "K1": "Huyện Hòa Vang",
            "L1": "Huyện đảo Hoàng Sa"
        },
        "dienbien": {
            "B1/B2": "Thành phố Điện Biên Phủ",
            "X1": "Thị xã Mường Lay",
            "L1/T1": "Huyện Tủa Chùa",
            "N1": "Huyện Điện Biên",
            "P1": "Huyện Nậm Pồ",
            "S1": "Huyện Mường Nhé",
            "U1": "Huyện Điện Biên Đông",
            "V1": "Huyện Mường Chà",
            "Y1": "Huyện Mường Ảng",
            "Z1": "Huyện Tuần Giáo"
        },
        "dongnai": {
            "B1/F1/F2/F3/F4": "Thành phố Biên Hòa",
            "B2": "Thành phố Long Khánh",
            "B3": "Huyện Tân Phú",
            "B4/H6": "Huyện Định Quán",
            "B5/H5": "Huyện Xuân Lộc",
            "B6": "Huyện Cẩm Mỹ",
            "B7": "Huyện Thống Nhất",
            "B8/H1": "Huyện Trảng Bom",
            "B9": "Huyện Vĩnh Cửu",
            "C1/G1": "Huyện Long Thành",
            "C2": "Huyện Nhơn Trạch",
            "AA": "Thành phố Biên Hòa",
            "AB": "Thành phố Long Khánh",
            "AC": "Huyện Tân Phú",
            "AD": "Huyện Định Quán",
            "AE": "Huyện Xuân Lộc",
            "AF": "Huyện Cẩm Mỹ",
            "AH": "Huyện Thống Nhất",
            "AK": "Huyện Trảng Bom",
            "AL": "Huyện Vĩnh Cửu",
            "AM": "Huyện Long Thành",
            "AN": "Huyện Nhơn Trạch"
        },
        "dongthap": {
            "P1/P2": "Thành phố Cao Lãnh",
            "S1": "Thành phố Sa Đéc",
            "H1": "Thành phố Hồng Ngự",
            "B1": "Huyện Thanh Bình",
            "C1": "Huyện Châu Thành",
            "F1": "Huyện Cao Lãnh",
            "G1": "Huyện Hồng Ngự",
            "K1": "Huyện Tân Hồng",
            "L1": "Huyện Lai Vung",
            "M1": "Huyện Tháp Mười",
            "N1": "Huyện Tam Nông",
            "V1": "Huyện Lấp Vò",
            "PA": "Thành phố Cao Lãnh",
            "SA": "Thành phố Sa Đéc",
            "HA": "Thành phố Hồng Ngự",
            "KA": "Huyện Tân Hồng",
            "GA": "Huyện Hồng Ngự",
            "NA": "Huyện Tam Nông",
            "BA": "Huyện Thanh Bình",
            "MA": "Huyện Tháp Mười",
            "FA": "Huyện Cao Lãnh",
            "VA": "Huyện Lấp Vò",
            "LA": "Huyện Lai Vung",
            "CA": "Huyện Châu Thành"
        },
        "gialai": {
            "B1/B2/B3": "Thành phố Pleiku",
            "G1": "Thị xã An Khê",
            "M1": "Thị xã Ayun Pa",
            "C1": "Huyện Đắk Đoa",
            "D1": "Huyện Phú Thiện",
            "E1": "Huyện Mang Yang",
            "F1": "Huyện Đak Pơ",
            "H1": "Huyện K'Bang",
            "K1": "Huyện Kông Chro",
            "L1": "Huyện Ia Pa",
            "N1": "Huyện Krông Pa",
            "P1": "Huyện Chư Sê",
            "S1": "Huyện Chư Pưh",
            "T1": "Huyện Chư Prông",
            "U1": "Huyện Đức Cơ",
            "V1": "Huyện Ia Grai",
            "X1": "Huyện Chư Păh"
        },
        "hagiang": {
            "B1": "Thành phố Hà Giang",
            "D1": "Huyện Bắc Quang",
            "E1": "Huyện Quang Bình",
            "F1": "Huyện Hoàng Su Phì",
            "G1": "Huyện Xín Mần",
            "H1": "Huyện Vị Xuyên",
            "K1": "Huyện Bắc Mê",
            "L1": "Huyện Quản Bạ",
            "M1": "Huyện Yên Minh",
            "N1": "Huyện Đồng Văn",
            "P1": "Huyện Mèo Vạc"
        },
        "haiduong": {
            "B1/B2/B3/B4/B5": "Thành phố Hải Dương",
            "C1": "Thành phố Chí Linh",
            "D1": "Thị xã Kinh Môn",
            "P1": "Huyện Cẩm Giàng",
            "E1": "Huyện Bình Giang",
            "F1": "Huyện Thanh Miện",
            "G1": "Huyện Gia Lộc",
            "H1": "Huyện Ninh Giang",
            "B3/B4": "Huyện Kim Thành",
            "M1": "Huyện Nam Sách",
            "L1": "Huyện Thanh Hà",
            "N1": "Huyện Tứ Kỳ"
        },
        "haiphong": {
            "B1/B2/B3/B4": "Quận Hồng Bàng, Quận Ngô Quyền, Quận Lê Chân, Quận Hải An",
            "C1": "Huyện An Dương",
            "D1": "Huyện An Lão",
            "E1": "Huyện đảo Cát Hải",
            "F1": "Huyện Kiến Thuỵ",
            "G1": "Huyện Thuỷ Nguyên",
            "H1": "Huyện Tiên Lãng",
            "K1": "Huyện Vĩnh Bảo",
            "L1": "Quận Dương Kinh",
            "M1": "Quận Đồ Sơn",
            "N1": "Quận Kiến An",
            "AN": "Quận Kiến An",
            "AK": "Huyện Vĩnh Bảo",
            "AE": "Huyện Kiến Thuỵ",
            "AA": "Quận Lê Chân",
            "AC": "Huyện An Lão",
            "AF": "Huyện Thuỷ Nguyên"
        },
        "hanam": {
            "B1/B2/B3": "Thành phố Phủ Lý, Huyện Kim Bảng, Huyện Lý Nhân, Huyện Bình Lục, Huyện Thanh Liêm",
            "D1": "Thị xã Duy Tiên"
        },
        "hanoi": {
            "B1/B2": "Quận Ba Đình",
            "C1": "Quận Hoàn Kiếm",
            "D1/D2": "Quận Hai Bà Trưng",
            "E1/E2": "Quận Đống Đa",
            "F1": "Quận Tây Hồ",
            "G1/G2": "Quận Thanh Xuân",
            "H1/H2": "Quận Hoàng Mai",
            "K1/K2": "Quận Long Biên",
            "L1": "Quận Nam Từ Liêm",
            "L5": "Quận Bắc Từ Liêm",
            "T1/T2": "Quận Hà Đông",
            "P1": "Quận Cầu Giấy",
            "U1": "Thị xã Sơn Tây",
            "M1": "Huyện Thanh Trì",
            "N1": "Huyện Gia Lâm",
            "S1/S2": "Huyện Đông Anh",
            "S6": "Huyện Sóc Sơn",
            "Z1": "Huyện Mê Linh",
            "V1": "Huyện Ba Vì",
            "V3": "Huyện Phúc Thọ",
            "V5": "Huyện Thạch Thất",
            "V7": "Huyện Quốc Oai",
            "X1/X2": "Huyện Chương Mỹ",
            "X3": "Huyện Đan Phượng",
            "X5": "Huyện Hoài Đức",
            "X7": "Huyện Thanh Oai",
            "Y1": "Huyện Mỹ Đức",
            "Y3": "Huyện Ứng Hoà",
            "Y5": "Huyện Thường Tín",
            "Y7": "Huyện Phú Xuyên"
        },
        "hatinh": {
            "P1/T1": "Thành phố Hà Tĩnh",
            "F1": "Thị xã Hồng Lĩnh",
            "G1": "Thị xã Kỳ Anh",
            "B1": "Huyện Hương Khê",
            "C1": "Huyện Can Lộc",
            "D1": "Huyện Đức Thọ",
            "E1": "Huyện Vũ Quang",
            "H1": "Huyện Hương Sơn",
            "K1": "Huyện Kỳ Anh",
            "L1": "Huyện Lộc Hà",
            "M1": "Huyện Thạch Hà",
            "N1": "Huyện Nghi Xuân",
            "X1": "Huyện Cẩm Xuyên",
            "AP": "TP Hà Tĩnh",
            "AF": "Thị xã Hồng Lĩnh",
            "AB": "Huyện Hương Khê",
            "AC": "Huyện Can Lộc",
            "AD": "Huyện Đức Thọ",
            "AE": "Huyện Vũ Quang",
            "AH": "Huyện Hương Sơn",
            "AK": "Huyện Kỳ Anh",
            "AL": "Huyện Lộc Hà",
            "AM": "Huyện Thạch Hà",
            "AN": "Huyện Nghi Xuân",
            "AX": "Huyện Cẩm Xuyên"
        },
        "haugiang": {
            "B1/B2": "Thành phố Vị Thanh, Thị xã Long Mỹ",
            "F1": "Thành phố Ngã Bảy",
            "C1": "Huyện Vị Thủy",
            "D1": "Huyện Long Mỹ",
            "E1": "Huyện Phụng Hiệp",
            "G1": "Huyện Châu Thành",
            "H1": "Huyện Châu Thành A"
        },
        "hoabinh": {
            "H1/K1": "Thành phố Hòa Bình",
            "B1": "Huyện Kim Bôi",
            "C1": "Huyện Cao Phong",
            "D1": "Huyện Đà Bắc",
            "E1": "Huyện Tân Lạc",
            "F1": "Huyện Yên Thủy",
            "G1": "Huyện Lương Sơn",
            "L1": "Huyện Lạc Thủy",
            "M1": "Huyện Mai Châu",
            "N1": "Huyện Lạc Sơn"
        },
        "hochiminh": {
            "B1/X1/X2/X3/X4": "Thành phố Thủ Đức",
            "C1/C3": "Quận 4",
            "C2/C4": "Quận 7",
            "D1/D2/D3": "Quận Tân Phú",
            "E1/E2": "Quận Phú Nhuận",
            "F1/F2": "Quận 3",
            "G1/G2/G3": "Quận 12",
            "H1/H2": "Quận 5",
            "K1/K2": "Quận 6",
            "L1/L2/L3": "Quận 8",
            "M1/M2": "Quận 11",
            "N1/N2": "Quận Bình Tân",
            "P1/P2/P3": "Quận Tân Bình",
            "S1/S2/S3": "Quận Bình Thạnh",
            "T1/T2": "Quận 1",
            "U1/U2": "Quận 10",
            "V1/V2/V3": "Quận Gò Vấp",
            "N2/N3": "Huyện Bình Chánh",
            "Y1": "Huyện Hóc Môn",
            "Y2/Y3": "Huyện Củ Chi",
            "Z1": "Huyện Nhà Bè",
            "Z2": "Huyện Cần Giờ",
            "A3": "Xe Mô-Tô Trên 175cc"
        },
        "hungyen": {
            "B1/B2": "Thành phố Hưng Yên",
            "F1": "Thị xã Mỹ Hào",
            "C1": "Huyện Ân Thi",
            "D1": "Huyện Kim Động",
            "E1": "Huyện Khoái Châu",
            "G1": "Huyện Phù Cừ",
            "H1": "Huyện Tiên Lữ",
            "K1/E1": "Huyện Văn Giang",
            "L1": "Huyện Văn Lâm",
            "M1": "Huyện Yên Mỹ"
        },
        "khanhhoa": {
            "N1/N2/N3": "Thành phố Nha Trang",
            "C1": "Thành phố Cam Ranh",
            "H1/H2": "Thị xã Ninh Hòa",
            "D1": "Huyện Diên Khánh",
            "K1": "Huyện Khánh Sơn",
            "V1": "Huyện Vạn Ninh",
            "X1": "Huyện Khánh Vĩnh",
            "Z1": "Huyện Cam Lâm"
        },
        "kiengiang": {
            "S1": "Thành phố Rạch Giá, Huyện đảo Kiên Hải",
            "H1": "Thành phố Hà Tiên",
            "P1": "Thành phố Phú Quốc",
            "B1": "Huyện An Biên",
            "C1": "Huyện Châu Thành",
            "D1": "Huyện Hòn Đất",
            "E1": "Huyện Gò Quao",
            "F1": "Huyện Giang Thành",
            "G1": "Huyện Giồng Riềng",
            "K1": "Huyện Kiên Lương",
            "L1": "Huyện U Minh Thượng",
            "M1": "Huyện An Minh",
            "N1": "Huyện Vĩnh Thuận",
            "T1": "Huyện Tân Hiệp"
        },
        "kontum": {
            "B1/B2": "Thành phố Kon Tum",
            "C1": "Huyện Ia H'Drai",
            "E1": "Huyện Ngọc Hồi",
            "F1": "Huyện Đắk Tô",
            "U1": "Huyện Tu Mơ Rông",
            "H1": "Huyện Đắk Hà",
            "K1": "Huyện Kon Rẫy",
            "L1": "Huyện Kon Plông",
            "M1": "Huyện Sa Thầy",
            "N1": "Huyện Đắk Glei"
        },
        "laichau": {
            "B1": "Thành phố Lai Châu",
            "M1": "Huyện Mường Tè",
            "H1": "Huyện Nậm Nhùm",
            "F1": "Huyện Phong Thổ",
            "S1": "Huyện Sìn Hồ",
            "N1": "Huyện Tam Đường",
            "U1": "Huyện Tân Uyên",
            "T1": "Huyện Than Uyên"
        },
        "lamdong": {
            "B1/B2": "Thành phố Đà Lạt",
            "K1/S1": "Thành phố Bảo Lộc",
            "C1": "Huyện Đam Rông",
            "D1": "Huyện Lâm Hà",
            "E1": "Huyện Đức Trọng",
            "F1": "Huyện Đơn Dương",
            "G1": "Huyện Di Linh",
            "H1": "Huyện Bảo Lâm",
            "L1": "Huyện Đạ Huoai",
            "M1": "Huyện Đạ Tẻh",
            "N1": "Huyện Cát Tiên",
            "P1": "Huyện Lạc Dương"
        },
        "langson": {
            "P1": "Thành phố Lạng Sơn",
            "B1": "Huyện Bình Gia",
            "D1": "Huyện Cao Lộc",
            "H1": "Huyện Hữu Lũng",
            "L1": "Huyện Lộc Bình",
            "S1": "Huyện Bắc Sơn",
            "T1": "Huyện Tràng Định",
            "U1": "Huyện Văn Quan",
            "V1": "Huyện Văn Lãng",
            "X1": "Huyện Chi Lăng",
            "Z1": "Huyện Đình Lập",
            "PA": "Thành phố Lạng Sơn",
            "BA": "Huyện Bình Gia",
            "FA": "Huyện Cao Lộc",
            "HA": "Huyện Hữu Lũng",
            "LA": "Huyện Lộc Bình",
            "SA": "Huyện Bắc Sơn",
            "TA": "Huyện Tràng Định",
            "UA": "Huyện Văn Quan",
            "VA": "Huyện Văn Lãng",
            "XA": "Huyện Chi Lăng",
            "ZA": "Huyện Đình Lập"
        },
        "laocai": {
            "B1/B2/B3": "Thành phố Lào Cai",
            "S1": "Thị xã Sa Pa",
            "P1": "Huyện Mường Khương",
            "T1": "Huyện Bảo Thắng",
            "U1": "Huyện Simacai",
            "V1": "Huyện Văn Bàn",
            "X1": "Huyện Bát Xát",
            "Y1": "Huyện Bảo Yên",
            "Z1": "Huyện Bắc Hà"
        },
        "longan": {
            "B1": "Thành phố Tân An",
            "U1": "Thị xã Kiến Tường",
            "C1": "Huyện Tân Hưng",
            "D1": "Huyện Vĩnh Hưng",
            "E1": "Huyện Tân Thạnh",
            "F1": "Huyện Thạnh Hoá",
            "G1": "Huyện Thủ Thừa",
            "H1": "Huyện Tân Trụ",
            "K1": "Huyện Châu Thành",
            "L1": "Huyện Cần Đước",
            "M1": "Huyện Cần Giuộc",
            "N1": "Huyện Bến Lức",
            "P1/P2": "Huyện Đức Hoà",
            "S1": "Huyện Đức Huệ",
            "T1": "Huyện Mộc Hoá"
        },
        "namdinh": {
            "B1/B2": "Thành phố Nam Định, Huyện Mỹ Lộc",
            "C1": "Huyện Vụ Bản",
            "D1": "Huyện Ý Yên",
            "E1": "Huyện Trực Ninh",
            "F1": "Huyện Xuân Trường",
            "G1": "Huyện Giao Thủy",
            "H1": "Huyện Hải Hậu",
            "K1": "Huyện Nam Trực",
            "L1": "Huyện Nghĩa Hưng"
        },
        "nghean": {
            "B1/B2/B3": "Thành phố Vinh",
            "L1/L2/L3/L4/L5": "Thị xã Hoàng Mai",
            "B1/B2/H1/H2/H3/H4/H5": "Thị xã Thái Hòa",
            "B1/S1": "Thị xã Cửa Lò",
            "C1": "Huyện Con Cuông",
            "D1": "Huyện Tương Dương",
            "D1/D2": "Huyện Đô Lương",
            "E1": "Huyện Thanh Chương",
            "B1/B2/F1/F2": "Huyện Diễn Châu",
            "G1": "Huyện Quỳ Châu",
            "B1/G1/G2/G3/G4/G5": "Huyện Nghĩa Đàn",
            "H1": "Huyện Quỳ Hợp",
            "K1": "Huyện Kỳ Sơn",
            "K1/K2/K3/K4/K5/K2": "Huyện Nghi Lộc",
            "L1/L2": "Huyện Quỳnh Lưu",
            "M1": "Huyện Anh Sơn",
            "Bx/M1/M2/M3/M4/M5": "Huyện Nam Đàn",
            "N1": "Huyện Tân Kỳ",
            "B1/N1/N2/N3/N4/N5": "Huyện Hưng Nguyên",
            "P1": "Huyện Yên Thành",
            "F1": "Huyện Quế Phong"
        },
        "ninhbinh": {
            "B1/B2": "Thành phố Ninh Bình",
            "T1/B1/B2": "Thành phố Tam Điệp",
            "G1/B1/B2": "Huyện Gia Viễn",
            "H1/B1/B2": "Huyện Hoa Lư",
            "K1": "Huyện Kim Sơn",
            "N1": "Huyện Nho Quan",
            "M1/B1/B2": "Huyện Yên Mô",
            "Y1/B1/B2": "Huyện Yên Khánh"
        },
        "ninhthuan": {
            "B1": "Thành phố Phan Rang - Tháp Chàm",
            "C1": "Huyện Ninh Hải",
            "D1": "Huyện Ninh Phước",
            "E1": "Huyện Thuận Nam",
            "F1": "Huyện Ninh Sơn",
            "G1": "Huyện Bác Ái",
            "H1": "Huyện Thuận Bắc"
        },
        "phutho": {
            "B1": "Thành phố Việt Trì",
            "M1": "Thị xã Phú Thọ",
            "C1": "Huyện Thanh Sơn",
            "D1": "Huyện Tân Sơn",
            "E1": "Huyện Đoan Hùng",
            "F1": "Huyện Hạ Hòa",
            "G1": "Huyện Cẩm Khê",
            "H1": "Huyện Yên Lập",
            "K1/U1": "Huyện Thanh Ba",
            "L1": "Huyện Thanh Thủy",
            "N1": "Huyện Tam Nông",
            "P1": "Huyện Phù Nin",
            "S1": "Huyện Lâm Tha"
        },
        "phuyen": {
            "C1": "Thành phố Tuy Hòa",
            "D1": "Thị xã Sông Cầu",
            "G1": "Thị xã Đông Hòa",
            "E1": "Huyện Phú Hòa",
            "F1": "Huyện Tây Hòa",
            "H1": "Huyện Tuy An",
            "K1": "Huyện Đồng Xuân",
            "L1": "Huyện Sơn Hòa",
            "M1": "Huyện Sông Hinh"
        },
        "quangbinh": {
            "B1": "Thành phố Đồng Hới",
            "K1": "Thị xã Ba Đồn",
            "C1": "Huyện Minh Hóa",
            "D1": "Huyện Tuyên Hóa",
            "E1": "Huyện Quảng Trạch",
            "F1": "Huyện Bố Trạch",
            "G1": "Huyện Quảng Ninh",
            "H1": "Huyện Lệ Thủy"
        },
        "quangnam": {
            "B1": "Thành phố Tam Kỳ",
            "C1": "Thành phố Hội An",
            "D1": "Thị xã Điện Bàn",
            "E1": "Huyện Đại Lộc",
            "F1": "Huyện Duy Xuyên",
            "G1": "Huyện Quế Sơn",
            "H1": "Huyện Thăng Bình",
            "K1": "Huyện Hiệp Đức",
            "L1": "Huyện Phú Ninh",
            "M1": "Huyện Tiên Phước",
            "N1": "Huyện Núi Thành",
            "P1": "Huyện Phước Sơn",
            "S1": "Huyện Nam Giang",
            "T1": "Huyện Đông Giang",
            "U1": "Huyện Tây Giang",
            "V1": "Huyện Bắc Trà My",
            "X1": "Huyện Nam Trà My",
            "Y1": "Huyện Nông Sơn"
        },
        "quangngai": {
            "U1/B1": "Thành phố Quảng Ngãi",
            "H1": "Thị xã Đức Phổ",
            "C1": "Huyện Bình Sơn",
            "D1": "Huyện Sơn Tịnh",
            "E1": "Huyện Tư Nghĩa",
            "F1": "Huyện Nghĩa Hành",
            "G1": "Huyện Mộ Đức",
            "K1": "Huyện Ba Tơ",
            "L1": "Huyện Minh Long",
            "M1": "Huyện Sơn Hà",
            "N1": "Huyện Sơn Tây",
            "P1/S1": "Huyện Trà Bồng",
            "T1": "Huyện đảo Lý Sơn",
            "AA": "Thành phố Quảng Ngãi",
            "AH": "Thị xã Đức Phổ",
            "AB": "Huyện Bình Sơn",
            "AC": "Huyện Sơn Tịnh",
            "AD": "Huyện Tư Nghĩa",
            "AE": "Huyện Nghĩa Hành",
            "AF": "Huyện Mộ Đức",
            "AK": "Huyện Ba Tơ",
            "AL": "Huyện Minh Long",
            "AM": "Huyện Sơn Hà",
            "AN": "Huyện Sơn Tây",
            "AP": "Huyện Trà Bồng",
            "AS": "Huyện Trà Bồng",
            "AT": "Huyện đảo Lý Sơn"
        },
        "quangninh": {
            "B1/V1/B4": "Thành phố Hạ Long",
            "K1": "Thành phố Móng Cái",
            "U1": "Thành phố Cẩm Phả",
            "Y1": "Thành phố Uông Bí",
            "X1": "Thị xã Quảng Yên",
            "Z1": "Thị xã Đông Triều",
            "B9": "Huyện đảo Cô Tô",
            "L1": "Huyện Hải Hà",
            "M1": "Huyện Đầm Hà",
            "N1": "Huyện Tiên Yên",
            "P1": "Huyện Bình Liêu",
            "S1": "Huyện đảo Vân Đồn",
            "R1": "Huyện Ba Chẽ"
        },
        "quangtri": {
            "C1": "Thành phố Đông Hà",
            "E1": "Thị xã Quảng Trị",
            "B1": "Huyện Gio Linh",
            "D1": "Huyện Triệu Phong",
            "F1": "Huyện Hải Lăng",
            "G1": "Huyện Cam Lộ",
            "H1": "Huyện Hướng Hóa",
            "K1": "Huyện Đakrông",
            "L1": "Huyện Vĩnh Linh",
            "P1": "Huyện đảo Cồn Cỏ",
            "AA": "Huyện Vĩnh Linh",
            "AB": "Huyện Gio Linh",
            "AC": "Thành phố Đông Hà",
            "AD": "Huyện Triệu Phong",
            "AE": "Thị xã Quảng Trị",
            "AH": "Huyện Hướng Hóa",
            "AK": "Huyện Đakrông",
            "AF": "Huyện Hải Lăng",
            "AG": "Huyện Cam Lộ"
        },
        "soctrang": {
            "X1": "Thành phố Sóc Trăng",
            "E1": "Thị xã Ngã Năm",
            "V1": "Thị xã Vĩnh Châu",
            "B1/C1": "Huyện Kế Sách",
            "D1": "Huyện Cù Lao Dung",
            "F1": "Huyện Mỹ Xuyên",
            "G1": "Huyện Châu Thành",
            "M1": "Huyện Mỹ Tú",
            "Y1": "Huyện Trần Đề",
            "Z1": "Huyện Long Phú",
            "T1/TG": "Huyện Thạnh Trị",
            "GE": "TP Sóc Trăng"
        },
        "sonla": {
            "B1/B2": "Thành phố Sơn La",
            "C1": "Huyện Sông Mã",
            "D1": "Huyện Phù Yên",
            "E1": "Huyện Bắc Yên",
            "F1": "Huyện Sốp Cộp",
            "G1": "Huyện Mộc Châu",
            "H1": "Huyện Quỳnh Nhai",
            "K1": "Huyện Mai Sơn",
            "L1": "Huyện Mường La",
            "M1": "Huyện Thuận Châu",
            "N1": "Huyện Yên Châu",
            "P1": "Huyện Vân Hồ"
        },
        "tayninh": {
            "B1/B2": "Thành phố Tây Ninh",
            "G1": "Thị xã Hòa Thành",
            "L1": "Thị xã Trảng Bàng",
            "C1": "Huyện Bến Cầu",
            "D1": "Huyện Châu Thành",
            "E1": "Huyện Dương Minh Châu",
            "F1": "Huyện Gò Dầu",
            "H1": "Huyện Tân Biên",
            "K1": "Huyện Tân Châu"
        },
        "thaibinh": {
            "B1/B9": "Thành phố Thái Bình",
            "B3": "Huyện Đông Hưng",
            "B4": "Huyện Hưng Hà",
            "B7": "Huyện Kiến Xương",
            "B5": "Huyện Quỳnh Phụ",
            "B6": "Huyện Thái Thụy",
            "B8": "Huyện Tiền Hải",
            "B2": "Huyện Vũ Thư"
        },
        "thainguyen": {
            "B1/B2": "Thành phố Thái Nguyên, Thành phố Sông Công, Huyện Đồng Hỷ",
            "H1": "Thành phố Phổ Yên",
            "C1": "Huyện Định Hoá",
            "D1": "Huyện Võ Nhai",
            "E1": "Huyện Phú Lương",
            "F1": "Huyện Đại Từ",
            "G1": "Huyện Phú Bình"
        },
        "thanhhoa": {
            "B4/B5/B6/B7/B8": "Thành phố Thanh Hóa",
            "N1": "Thành phố Sầm Sơn",
            "C1": "Thị xã Nghi Sơn",
            "F5": "Thị xã Bỉm Sơn",
            "B1": "Huyện Quảng Xương",
            "B2": "Huyện Nông Cống",
            "B3": "Huyện Hà Trung, Huyện Quan Sơn",
            "B4": "Huyện Như Thanh",
            "B5": "Huyện Hoằng Hóa",
            "B6": "Huyện Triệu Sơn",
            "B7": "Huyện Triệu Sơn, Huyện Vĩnh Lộc",
            "B8": "Huyện Đông Sơn",
            "D1": "Huyện Thọ Xuân",
            "E1": "Huyện Thạch Thành",
            "F1": "Huyện Hậu Lộc",
            "G1": "Huyện Nga Sơn",
            "G5": "Huyện Bá Thước",
            "H1": "Huyện Lang Chánh",
            "H5": "Huyện Quan Hóa",
            "K1": "Huyện Mường Lát",
            "K3": "Huyện Như Xuân",
            "K5": "Huyện Ngọc Lặc",
            "L1": "Huyện Cẩm Thủy",
            "M1": "Huyện Thường Xuân",
            "M3": "Huyện Yên Định"
        },
        "thuathienhue": {
            "B1/F1/F2": "Thành phố Huế",
            "D1": "Thị xã Hương Trà",
            "S1/G1": "Thị xã Hương Thủy",
            "C1": "Huyện Phong Điền",
            "E1": "Huyện Quảng Điền",
            "H1": "Huyện Phú Vang",
            "K1": "Huyện Phú Lộc",
            "L1": "Huyện A Lưới",
            "Y1/M1": "Huyện Nam Đông"
        },
        "tiengiang": {
            "B9/C1": "Thành phố Mỹ Tho",
            "B2": "Thị xã Cai Lậy",
            "B6": "Thị xã Gò Công",
            "B1/D1": "Huyện Cái Bè",
            "B3/G1": "Huyện Châu Thành",
            "B4": "Huyện Chợ Gạo",
            "B5": "Huyện Gò Công Tây",
            "B7": "Huyện Gò Công Đông",
            "B8": "Huyện Tân Phú Đông, Huyện Tân Phước",
            "P1": "Huyện Cai Lậy"
        },
        "travinh": {
            "B1/B2/C1": "Thành phố Trà Vinh",
            "F1": "Thị xã Duyên Hải",
            "D1": "Huyện Châu Thành",
            "E1": "Huyện Cầu Ngang",
            "G1": "Huyện Trà Cú",
            "H1": "Huyện Tiểu Cần",
            "K1": "Huyện Cầu Kè",
            "L1": "Huyện Càng Long",
            "M1": "Huyện Duyên Hải",
            "AA-BA-CA": "Thành phố Trà Vinh",
            "FA": "Thị xã Duyên Hải",
            "DA": "Huyện Châu Thành",
            "EA": "Huyện Cầu Ngang",
            "GA": "Huyện Trà Cú",
            "HA": "Huyện Tiểu Cần",
            "LA": "Huyện Càng Long",
            "MA": "Huyện Duyên Hải"
        },
        "tuyenquang": {
            "B1/B2": "Thành phố Tuyên Quang",
            "F1": "Huyện Chiêm Hóa",
            "S1": "Huyện Sơn Dương",
            "Y1": "Huyện Hàm Yên",
            "N1": "Huyện Na Hang",
            "B1": "Huyện Yên Sơn",
            "L1": "Huyện Lâm Bình"
        },
        "vinhlong": {
            "B1/B2/C1": "Thành phố Vĩnh Long",
            "H1": "Thị xã Bình Minh",
            "B1/B2": "Huyện Long Hồ",
            "D1": "Huyện Vũng Liêm",
            "E1": "Huyện Tam Bình",
            "F1": "Huyện Trà Ôn",
            "G1": "Huyện Mang Thít",
            "K1": "Huyện Bình Tân",
            "EA": "Huyện Tam Bình"
        },
        "vinhphuc": {
            "B1": "Thành phố Vĩnh Yên",
            "H1": "Thành phố Phúc Yên",
            "C1": "Huyện Sông Lô",
            "D1": "Huyện Lập Thạch",
            "E1": "Huyện Tam Đảo",
            "F1": "Huyện Yên Lạc",
            "G1": "Huyện Bình Xuyên",
            "K1": "Huyện Tam Dương",
            "L1": "Huyện Vĩnh Tường"
        },
        "yenbai": {
            "B1/B2": "Thành phố Yên Bái",
            "L1": "Thị xã Nghĩa Lộ",
            "C1": "Huyện Lục Yên",
            "D1": "Huyện Yên Bình",
            "F1": "Huyện Trấn Yên",
            "G1": "Huyện Mù Cang Chải",
            "H1": "Huyện Văn Chấn",
            "K1": "Huyện Trạm Tấu",
            "E1": "Huyện Văn Yên"
        },
        "trunguong": {}
    }
}